﻿DATA_SOURCE,YEAR_OF_ENCOUNTER,CNT_ENCOUNTERS
ALBATROSS,1825,1
ALBATROSS,1900,4171
ALBATROSS,1901,272282
ALBATROSS,1902,952
ALBATROSS,1903,436
ALBATROSS,1904,541
ALBATROSS,1905,152
ALBATROSS,1906,168
ALBATROSS,1907,143
ALBATROSS,1908,237
ALBATROSS,1909,262
ALBATROSS,1910,5628
ALBATROSS,1911,297
ALBATROSS,1912,4940
ALBATROSS,1913,156
ALBATROSS,1914,261
ALBATROSS,1915,223
ALBATROSS,1916,388
ALBATROSS,1917,255
ALBATROSS,1918,294
ALBATROSS,1919,336
ALBATROSS,1920,614
ALBATROSS,1921,525
ALBATROSS,1922,592
ALBATROSS,1923,576
ALBATROSS,1924,657
ALBATROSS,1925,598
ALBATROSS,1926,766
ALBATROSS,1927,898
ALBATROSS,1928,826
ALBATROSS,1929,829
ALBATROSS,1930,799
ALBATROSS,1931,931
ALBATROSS,1932,839
ALBATROSS,1933,1064
ALBATROSS,1934,907
ALBATROSS,1935,1019
ALBATROSS,1936,916
ALBATROSS,1937,876
ALBATROSS,1938,896
ALBATROSS,1939,962
ALBATROSS,1940,1262
ALBATROSS,1941,1198
ALBATROSS,1942,1184
ALBATROSS,1943,1111
ALBATROSS,1944,1208
ALBATROSS,1945,1096
ALBATROSS,1946,1105
ALBATROSS,1947,1176
ALBATROSS,1948,1405
ALBATROSS,1949,1112
ALBATROSS,1950,1478
ALBATROSS,1951,1333
ALBATROSS,1952,1207
ALBATROSS,1953,1236
ALBATROSS,1954,1396
ALBATROSS,1955,1441
ALBATROSS,1956,1296
ALBATROSS,1957,1493
ALBATROSS,1958,1439
ALBATROSS,1959,1629
ALBATROSS,1960,2217
ALBATROSS,1961,2033
ALBATROSS,1962,2037
ALBATROSS,1963,2187
ALBATROSS,1964,2221
ALBATROSS,1965,2718
ALBATROSS,1966,3291
ALBATROSS,1967,3977
ALBATROSS,1968,4632
ALBATROSS,1969,5391
ALBATROSS,1970,30232
ALBATROSS,1971,13612
ALBATROSS,1972,10646
ALBATROSS,1973,11303
ALBATROSS,1974,13101
ALBATROSS,1975,14709
ALBATROSS,1976,17574
ALBATROSS,1977,19725
ALBATROSS,1978,22540
ALBATROSS,1979,26661
ALBATROSS,1980,338116
ALBATROSS,1981,32352
ALBATROSS,1982,35319
ALBATROSS,1983,40431
ALBATROSS,1984,45861
ALBATROSS,1985,54763
ALBATROSS,1986,67722
ALBATROSS,1987,83317
ALBATROSS,1988,102092
ALBATROSS,1989,129760
ALBATROSS,1990,211416
ALBATROSS,1991,196397
ALBATROSS,1992,325159
ALBATROSS,1993,468288
ALBATROSS,1994,608545
ALBATROSS,1995,912292
ALBATROSS,1996,1303074
ALBATROSS,1997,1722406
ALBATROSS,1998,2153093
ALBATROSS,1999,2862815
ALBATROSS,2000,4103020
ALBATROSS,2001,4773228
ALBATROSS,2002,6106233
ALBATROSS,2003,7697197
ALBATROSS,2004,9213420
ALBATROSS,2005,11235275
ALBATROSS,2006,12376327
ALBATROSS,2007,14174589
ALBATROSS,2008,18468141
ALBATROSS,2009,28229856
ALBATROSS,2010,2136281
ALBATROSS,2011,39240653
ALBATROSS,2012,49065451
ALBATROSS,2013,51891722
ALBATROSS,2014,63816157
ALBATROSS,2015,71250257
ALBATROSS,2016,86454817
ALBATROSS,2017,102167897
ALBATROSS,2018,89996530
ALBATROSS,2019,451
ALBATROSS,2020,157
ALBATROSS,2021,45
ALBATROSS,2022,119
ALBATROSS,2023,374
ALBATROSS,2024,130
ALBATROSS,2025,5
ALBATROSS,2026,7
ALBATROSS,2027,5
ALBATROSS,2028,3
ALBATROSS,2029,5
ALBATROSS,2031,5
ALBATROSS,2032,11
ALBATROSS,2033,2
ALBATROSS,2035,2
ALBATROSS,2037,3
ALBATROSS,2039,1
ALBATROSS,2040,8
ALBATROSS,2042,1
ALBATROSS,2043,1
ALBATROSS,2044,13
ALBATROSS,2045,1
ALBATROSS,2046,3
ALBATROSS,2047,1
ALBATROSS,2048,5
ALBATROSS,2050,2
ALBATROSS,2055,3
ALBATROSS,2056,1
ALBATROSS,2061,3
ALBATROSS,2064,1
ALBATROSS,2065,4
ALBATROSS,2066,14
ALBATROSS,2067,1
ALBATROSS,2070,1
ALBATROSS,2074,2
ALBATROSS,2075,3
ALBATROSS,2077,7
ALBATROSS,2078,1
ALBATROSS,2085,1
ALBATROSS,2088,1
ALBATROSS,2104,2
ALBATROSS,2201,1
ALBATROSS,,434248
PELICAN,2007,12839
PELICAN,2008,74720
PELICAN,2009,371154
PELICAN,2010,2277578
PELICAN,2011,10068493
PELICAN,2012,26376819
PELICAN,2013,41214784
PELICAN,2014,52517878
PELICAN,2015,58646912
PELICAN,2016,64283045
PELICAN,2017,67280757
PELICAN,2018,50656523
