﻿DATA_SOURCE,UPPER(ALLERGY_STATUS),YEAR(RECORDED_DATE),CNT_ENCOUNTERS
ALBATROSS,ACTIVE,1900,1
ALBATROSS,ACTIVE,1906,11
ALBATROSS,ERRONEOUS ENTRY,1906,1
ALBATROSS,ACTIVE,1907,4
ALBATROSS,ACTIVE,1908,2
ALBATROSS,ACTIVE,1909,1
ALBATROSS,ACTIVE,1910,1
ALBATROSS,ACTIVE,1939,1
ALBATROSS,ACTIVE,1943,1
ALBATROSS,ACTIVE,1950,1
ALBATROSS,ACTIVE,1960,1
ALBATROSS,ACTIVE,1964,1
ALBATROSS,ACTIVE,1965,1
ALBATROSS,ACTIVE,1969,2
ALBATROSS,ACTIVE,1977,1
ALBATROSS,ACTIVE,1978,3
ALBATROSS,ACTIVE,1979,5
ALBATROSS,ERRONEOUS ENTRY,1980,1
ALBATROSS,ACTIVE,1980,4
ALBATROSS,ACTIVE,1982,1
ALBATROSS,ACTIVE,1983,1
ALBATROSS,ACTIVE,1985,4
ALBATROSS,ACTIVE,1986,2
ALBATROSS,ACTIVE,1987,1
ALBATROSS,ACTIVE,1988,7
ALBATROSS,ACTIVE,1989,6
ALBATROSS,ACTIVE,1990,22
ALBATROSS,ERRONEOUS ENTRY,1990,2
ALBATROSS,ACTIVE,1991,11
ALBATROSS,ACTIVE,1992,14
ALBATROSS,ACTIVE,1993,20
ALBATROSS,ACTIVE,1994,19
ALBATROSS,ACTIVE,1995,99
ALBATROSS,ERRONEOUS ENTRY,1995,3
ALBATROSS,,1996,245
ALBATROSS,ACTIVE,1996,338
ALBATROSS,ERRONEOUS ENTRY,1996,38
ALBATROSS,ACTIVE,1997,1315
ALBATROSS,INACTIVE,1997,12
ALBATROSS,ERRONEOUS ENTRY,1997,147
ALBATROSS,,1997,465
ALBATROSS,ERRONEOUS ENTRY,1998,76
ALBATROSS,ACTIVE,1998,10348
ALBATROSS,INACTIVE,1998,454
ALBATROSS,ENTERED IN ERROR,1998,54
ALBATROSS,ENTERED IN ERROR,1999,146
ALBATROSS,INACTIVE,1999,1045
ALBATROSS,OTHER,1999,1
ALBATROSS,ERRONEOUS ENTRY,1999,640
ALBATROSS,,1999,1
ALBATROSS,ACTIVE,1999,20862
ALBATROSS,ENTERED IN ERROR,2000,79
ALBATROSS,INACTIVE,2000,868
ALBATROSS,ERRONEOUS ENTRY,2000,632
ALBATROSS,ACTIVE,2000,19699
ALBATROSS,,2000,1
ALBATROSS,ENTERED IN ERROR,2001,97
ALBATROSS,ERRONEOUS ENTRY,2001,673
ALBATROSS,OTHER,2001,6
ALBATROSS,,2001,3
ALBATROSS,ACTIVE,2001,24134
ALBATROSS,INACTIVE,2001,1072
ALBATROSS,ERRONEOUS ENTRY,2002,1424
ALBATROSS,,2002,2
ALBATROSS,ACTIVE,2002,35873
ALBATROSS,ENTERED IN ERROR,2002,128
ALBATROSS,INACTIVE,2002,1680
ALBATROSS,INACTIVE,2003,9804
ALBATROSS,OTHER,2003,28
ALBATROSS,ERRONEOUS ENTRY,2003,3480
ALBATROSS,ENTERED IN ERROR,2003,1701
ALBATROSS,ACTIVE,2003,168865
ALBATROSS,ENTERED IN ERROR,2004,4976
ALBATROSS,ERRONEOUS ENTRY,2004,6074
ALBATROSS,INACTIVE,2004,30079
ALBATROSS,OTHER,2004,127
ALBATROSS,ACTIVE,2004,471982
ALBATROSS,,2005,3
ALBATROSS,RESOLVED,2005,25
ALBATROSS,INACTIVE,2005,48162
ALBATROSS,ERRONEOUS ENTRY,2005,7599
ALBATROSS,ENTERED IN ERROR,2005,10892
ALBATROSS,ACTIVE,2005,863133
ALBATROSS,*,2005,7
ALBATROSS,OTHER,2005,317
ALBATROSS,ENTERED IN ERROR,2006,13489
ALBATROSS,,2006,3
ALBATROSS,INACTIVE,2006,51783
ALBATROSS,*,2006,7
ALBATROSS,ERRONEOUS ENTRY,2006,8750
ALBATROSS,ACTIVE,2006,1147148
ALBATROSS,RESOLVED,2006,66
ALBATROSS,OTHER,2006,1191
ALBATROSS,*,2007,6
ALBATROSS,ERRONEOUS ENTRY,2007,9480
ALBATROSS,INACTIVE,2007,62113
ALBATROSS,RESOLVED,2007,102
ALBATROSS,ENTERED IN ERROR,2007,19694
ALBATROSS,,2007,17
ALBATROSS,DENIED,2007,30
ALBATROSS,ACTIVE,2007,1531659
ALBATROSS,OTHER,2007,510
ALBATROSS,SUSPECT,2007,7
ALBATROSS,INACTIVE,2008,63962
ALBATROSS,ENTERED IN ERROR,2008,32383
ALBATROSS,RESOLVED,2008,537
ALBATROSS,,2008,28
ALBATROSS,DENIED,2008,2104
ALBATROSS,OTHER,2008,527
ALBATROSS,ACTIVE,2008,1911689
ALBATROSS,ERRONEOUS ENTRY,2008,10102
ALBATROSS,*,2008,9
ALBATROSS,SUSPECT,2008,130
ALBATROSS,ACTIVE,2009,2734922
ALBATROSS,OTHER,2009,2849
ALBATROSS,INACTIVE,2009,83288
ALBATROSS,DENIED,2009,7741
ALBATROSS,ENTERED IN ERROR,2009,56246
ALBATROSS,,2009,84
ALBATROSS,*,2009,22
ALBATROSS,SUSPECT,2009,1032
ALBATROSS,RESOLVED,2009,428
ALBATROSS,ERRONEOUS ENTRY,2009,8917
ALBATROSS,RESOLVED,2010,10
ALBATROSS,ACTIVE,2010,87432
ALBATROSS,INACTIVE,2010,202
ALBATROSS,*,2010,4
ALBATROSS,ERRONEOUS ENTRY,2010,276
ALBATROSS,*,2011,61
ALBATROSS,ADVERSE REACTION,2011,1
ALBATROSS,OTHER,2011,287
ALBATROSS,ERRONEOUS ENTRY,2011,49578
ALBATROSS,SUSPECT,2011,15
ALBATROSS,,2011,318
ALBATROSS,DENIED,2011,17669
ALBATROSS,INACTIVE,2011,218955
ALBATROSS,ENTERED IN ERROR,2011,147969
ALBATROSS,ACTIVE,2011,4971214
ALBATROSS,RESOLVED,2011,852
ALBATROSS,OTHER,2012,84
ALBATROSS,SUSPECT,2012,18
ALBATROSS,INACTIVE,2012,441676
ALBATROSS,DENIED,2012,41801
ALBATROSS,ERRONEOUS ENTRY,2012,99979
ALBATROSS,ADVERSE REACTION,2012,1
ALBATROSS,ACTIVE,2012,6155354
ALBATROSS,RESOLVED,2012,869
ALBATROSS,ENTERED IN ERROR,2012,251574
ALBATROSS,,2012,721
ALBATROSS,*,2012,117
ALBATROSS,*,2013,187
ALBATROSS,,2013,1886
ALBATROSS,INACTIVE,2013,412870
ALBATROSS,OTHER,2013,36
ALBATROSS,UNDEFINED,2013,4
ALBATROSS,RESOLVED,2013,1489
ALBATROSS,ACTIVE,2013,6622375
ALBATROSS,ADVERSE REACTION,2013,4
ALBATROSS,SUSPECT,2013,10
ALBATROSS,DENIED,2013,39162
ALBATROSS,ERRONEOUS ENTRY,2013,71805
ALBATROSS,ENTERED IN ERROR,2013,182194
ALBATROSS,RESOLVED,2014,8071
ALBATROSS,ENTERED IN ERROR,2014,157941
ALBATROSS,*,2014,610
ALBATROSS,SUSPECT,2014,6
ALBATROSS,DENIED,2014,46956
ALBATROSS,OTHER,2014,53
ALBATROSS,INACTIVE,2014,503357
ALBATROSS,,2014,956
ALBATROSS,UNDEFINED,2014,699
ALBATROSS,ERRONEOUS ENTRY,2014,105528
ALBATROSS,ACTIVE,2014,10028349
ALBATROSS,ERRONEOUS ENTRY,2015,131668
ALBATROSS,*,2015,1572
ALBATROSS,OTHER,2015,111
ALBATROSS,,2015,1106
ALBATROSS,DENIED,2015,59188
ALBATROSS,SUSPECT,2015,15
ALBATROSS,INACTIVE,2015,624640
ALBATROSS,ACTIVE,2015,12887264
ALBATROSS,RESOLVED,2015,16267
ALBATROSS,ENTERED IN ERROR,2015,143970
ALBATROSS,UNDEFINED,2015,2436
ALBATROSS,DENIED,2016,51882
ALBATROSS,UNDEFINED,2016,6987
ALBATROSS,ACTIVE,2016,13823300
ALBATROSS,OTHER,2016,469
ALBATROSS,,2016,2565
ALBATROSS,RESOLVED,2016,18333
ALBATROSS,ERRONEOUS ENTRY,2016,159901
ALBATROSS,INACTIVE,2016,594879
ALBATROSS,*,2016,1745
ALBATROSS,ENTERED IN ERROR,2016,124912
ALBATROSS,SUSPECT,2016,3
ALBATROSS,INACTIVE,2017,557463
ALBATROSS,,2017,1517
ALBATROSS,UNDEFINED,2017,13168
ALBATROSS,RESOLVED,2017,21050
ALBATROSS,DENIED,2017,41886
ALBATROSS,ENTERED IN ERROR,2017,120322
ALBATROSS,ACTIVE,2017,14371773
ALBATROSS,ERRONEOUS ENTRY,2017,122752
ALBATROSS,*,2017,2254
ALBATROSS,OTHER,2017,507
ALBATROSS,,2018,31
ALBATROSS,DENIED,2018,23859
ALBATROSS,OTHER,2018,42
ALBATROSS,INACTIVE,2018,339221
ALBATROSS,ACTIVE,2018,10603605
ALBATROSS,RESOLVED,2018,15734
ALBATROSS,ENTERED IN ERROR,2018,81342
ALBATROSS,SUSPECT,2018,2
ALBATROSS,*,2018,1714
ALBATROSS,ERRONEOUS ENTRY,2018,63890
ALBATROSS,UNDEFINED,2018,8217
ALBATROSS,ACTIVE,,10775
ALBATROSS,ERRONEOUS ENTRY,,507
PELICAN,FALSE,2010,187
PELICAN,TRUE,2010,9469
PELICAN,FALSE,2011,1946
PELICAN,TRUE,2011,105411
PELICAN,FALSE,2012,6099
PELICAN,TRUE,2012,229829
PELICAN,FALSE,2013,3391
PELICAN,TRUE,2013,206190
PELICAN,TRUE,2014,189298
PELICAN,FALSE,2014,2335
PELICAN,TRUE,2015,23866
PELICAN,FALSE,2015,201
