﻿name,type,kind,null?,default,primary key,unique key,check,expression,comment
SOURCE_PATIENT_ID,VARCHAR(16777216),COLUMN,Y,,N,N,,,
ENCOUNTER_ID,"NUMBER(38,0)",COLUMN,Y,,N,N,,,
ALLERGY_ID,"NUMBER(38,0)",COLUMN,Y,,N,N,,,
VERSION_ID,"NUMBER(38,0)",COLUMN,Y,,N,N,,,
ALLERGY_NAME,VARCHAR(16777216),COLUMN,Y,,N,N,,,
ALLERGY_TYPE,VARCHAR(16777216),COLUMN,Y,,N,N,,,
ALLERGY_STATUS,VARCHAR(16777216),COLUMN,Y,,N,N,,,
REACTIONS,VARCHAR(16777216),COLUMN,Y,,N,N,,,
NDC,VARCHAR(16777216),COLUMN,Y,,N,N,,,
DDI,"NUMBER(38,0)",COLUMN,Y,,N,N,,,
GPI,VARCHAR(16777216),COLUMN,Y,,N,N,,,
RXNORM,VARCHAR(16777216),COLUMN,Y,,N,N,,,
SNOMED,VARCHAR(16777216),COLUMN,Y,,N,N,,,
REACTION_DATE,DATE,COLUMN,Y,,N,N,,,
RECORDED_DATE,DATE,COLUMN,Y,,N,N,,,
START_DATE,DATE,COLUMN,Y,,N,N,,,
STOP_DATE,DATE,COLUMN,Y,,N,N,,,
PROVIDER_ID,"NUMBER(38,0)",COLUMN,Y,,N,N,,,
PRIMARY_KEY,VARCHAR(16777216),COLUMN,Y,,N,N,,,
ENCRYPTED_KEY_1,VARCHAR(16777216),COLUMN,Y,,N,N,,,
ENCRYPTED_KEY_2,VARCHAR(16777216),COLUMN,Y,,N,N,,,
DATA_SOURCE,VARCHAR(16777216),COLUMN,Y,,N,N,,,
ETL_CREATE_TS,TIMESTAMP_NTZ(9),COLUMN,Y,,N,N,,,
ETL_UPDATE_TS,TIMESTAMP_NTZ(9),COLUMN,Y,,N,N,,,
PATIENT_ID,"NUMBER(38,0)",COLUMN,Y,,N,N,,,