﻿name,type,kind,null?,default,primary key,unique key,check,expression,comment
SOURCE_PATIENT_ID,VARCHAR(16777216),COLUMN,Y,,N,N,,,
ENCOUNTER_ID,"NUMBER(38,0)",COLUMN,Y,,N,N,,,
ORDER_ID,"NUMBER(38,0)",COLUMN,Y,,N,N,,,
VERSION_ID,"NUMBER(38,0)",COLUMN,Y,,N,N,,,
ORDER_NAME,VARCHAR(16777216),COLUMN,Y,,N,N,,,
TYPE,VARCHAR(16777216),COLUMN,Y,,N,N,,,
STATUS,VARCHAR(16777216),COLUMN,Y,,N,N,,,
CPT4,VARCHAR(16777216),COLUMN,Y,,N,N,,,
CPTMOD,VARCHAR(16777216),COLUMN,Y,,N,N,,,
CPTPOS,"NUMBER(38,0)",COLUMN,Y,,N,N,,,
BILLINGICD9CODE,VARCHAR(16777216),COLUMN,Y,,N,N,,,
BILLINGICD10CODE,VARCHAR(16777216),COLUMN,Y,,N,N,,,
HCPCS,VARCHAR(16777216),COLUMN,Y,,N,N,,,
ORDER_DATE,TIMESTAMP_NTZ(9),COLUMN,Y,,N,N,,,
RECORDED_DATE,DATE,COLUMN,Y,,N,N,,,
APPROVING_PROVIDER_ID,VARCHAR(16777216),COLUMN,Y,,N,N,,,
ORDERING_PROVIDER_ID,VARCHAR(16777216),COLUMN,Y,,N,N,,,
PERFORMING_PROVIDER_ID,VARCHAR(16777216),COLUMN,Y,,N,N,,,
PROVIDER_ID,VARCHAR(16777216),COLUMN,Y,,N,N,,,
PRIMARY_KEY,VARCHAR(16777216),COLUMN,Y,,N,N,,,
ENCRYPTED_KEY_1,VARCHAR(16777216),COLUMN,Y,,N,N,,,
ENCRYPTED_KEY_2,VARCHAR(16777216),COLUMN,Y,,N,N,,,
DATA_SOURCE,VARCHAR(16777216),COLUMN,Y,,N,N,,,
ETL_CREATE_TS,TIMESTAMP_NTZ(9),COLUMN,Y,,N,N,,,
ETL_UPDATE_TS,TIMESTAMP_NTZ(9),COLUMN,Y,,N,N,,,
PATIENT_ID,"NUMBER(38,0)",COLUMN,Y,,N,N,,,