﻿name,type,kind,null?,default,primary key,unique key,check,expression,comment
SOURCE_PATIENT_ID,VARCHAR(16777216),COLUMN,Y,,N,N,,,
RESULT_ID,"NUMBER(38,0)",COLUMN,Y,,N,N,,,
ORDER_ID,"NUMBER(38,0)",COLUMN,Y,,N,N,,,
PANEL,VARCHAR(16777216),COLUMN,Y,,N,N,,,
TEST,VARCHAR(16777216),COLUMN,Y,,N,N,,,
VALUE,VARCHAR(16777216),COLUMN,Y,,N,N,,,
UNITS,VARCHAR(16777216),COLUMN,Y,,N,N,,,
ABNORMAL_FLAG,VARCHAR(16777216),COLUMN,Y,,N,N,,,
RESULT_STATUS,VARCHAR(16777216),COLUMN,Y,,N,N,,,
LOINC,VARCHAR(16777216),COLUMN,Y,,N,N,,,
RESULT_DATE,VARCHAR(16777216),COLUMN,Y,,N,N,,,
RECORDED_DATE,VARCHAR(16777216),COLUMN,Y,,N,N,,,
PROVIDER_ID,VARCHAR(16777216),COLUMN,Y,,N,N,,,
ENCOUNTER_ID,"NUMBER(38,0)",COLUMN,Y,,N,N,,,
PRIMARY_KEY,VARCHAR(16777216),COLUMN,Y,,N,N,,,
ENCRYPTED_KEY_1,VARCHAR(16777216),COLUMN,Y,,N,N,,,
ENCRYPTED_KEY_2,VARCHAR(16777216),COLUMN,Y,,N,N,,,
DATA_SOURCE,VARCHAR(16777216),COLUMN,Y,,N,N,,,
ETL_CREATE_TS,TIMESTAMP_NTZ(9),COLUMN,Y,,N,N,,,
ETL_UPDATE_TS,TIMESTAMP_NTZ(9),COLUMN,Y,,N,N,,,
PATIENT_ID,"NUMBER(38,0)",COLUMN,Y,,N,N,,,