﻿name,type,kind,null?,default,primary key,unique key,check,expression,comment
ENCOUNTER_ID,"NUMBER(38,0)",COLUMN,Y,,N,N,,,
DISPENSED_AS_WRITTEN_FLAG,VARCHAR(16777216),COLUMN,Y,,N,N,,,
DAYS_TO_TAKE,VARCHAR(16777216),COLUMN,Y,,N,N,,,
DAYS_SUPPLY,VARCHAR(16777216),COLUMN,Y,,N,N,,,
DOSE,VARCHAR(16777216),COLUMN,Y,,N,N,,,
FORM,VARCHAR(16777216),COLUMN,Y,,N,N,,,
FREQUENCY,VARCHAR(16777216),COLUMN,Y,,N,N,,,
SOURCE_PATIENT_ID,VARCHAR(16777216),COLUMN,Y,,N,N,,,
PROVIDER_ID,VARCHAR(16777216),COLUMN,Y,,N,N,,,
INSERTED_DATE,DATE,COLUMN,Y,,N,N,,,
MED_ID,"NUMBER(38,0)",COLUMN,Y,,N,N,,,
NAME,VARCHAR(16777216),COLUMN,Y,,N,N,,,
NDC,VARCHAR(16777216),COLUMN,Y,,N,N,,,
PROBLEM_ID,"NUMBER(38,0)",COLUMN,Y,,N,N,,,
QUANTITY_TO_DISPENSE,VARCHAR(16777216),COLUMN,Y,,N,N,,,
RECORDED_DATE,DATE,COLUMN,Y,,N,N,,,
REFILLS,VARCHAR(16777216),COLUMN,Y,,N,N,,,
ROUTE_OF_ADMIN,VARCHAR(16777216),COLUMN,Y,,N,N,,,
START_DATE,DATE,COLUMN,Y,,N,N,,,
STATUS,VARCHAR(16777216),COLUMN,Y,,N,N,,,
STRENGTH,VARCHAR(16777216),COLUMN,Y,,N,N,,,
UNITS,VARCHAR(16777216),COLUMN,Y,,N,N,,,
ENCRYPTED_KEY_1,VARCHAR(16777216),COLUMN,Y,,N,N,,,
ENCRYPTED_KEY_2,VARCHAR(16777216),COLUMN,Y,,N,N,,,
DATA_SOURCE,VARCHAR(16777216),COLUMN,Y,,N,N,,,
ETL_CREATE_TS,TIMESTAMP_NTZ(9),COLUMN,Y,,N,N,,,
ETL_UPDATE_TS,TIMESTAMP_NTZ(9),COLUMN,Y,,N,N,,,
PATIENT_ID,"NUMBER(38,0)",COLUMN,Y,,N,N,,,