﻿name,type,kind,null?,default,primary key,unique key,check,expression,comment
SOURCE_PATIENT_ID,VARCHAR(16777216),COLUMN,Y,,N,N,,,
BIRTH_YEAR,"NUMBER(38,0)",COLUMN,Y,,N,N,,,
DECEASED,VARCHAR(16777216),COLUMN,Y,,N,N,,,
GENDER,VARCHAR(16777216),COLUMN,Y,,N,N,,,
RACE_NAME,VARCHAR(16777216),COLUMN,Y,,N,N,,,
ETHNICITY,VARCHAR(16777216),COLUMN,Y,,N,N,,,
ZIP,VARCHAR(16777216),COLUMN,Y,,N,N,,,
STATE,VARCHAR(16777216),COLUMN,Y,,N,N,,,
SMOKING_STATUS,VARCHAR(16777216),COLUMN,Y,,N,N,,,
SMOKE_STATUS_LAST_MODIFIED,DATE,COLUMN,Y,,N,N,,,
ENCRYPTED_KEY_1,VARCHAR(16777216),COLUMN,Y,,N,N,,,
ENCRYPTED_KEY_2,VARCHAR(16777216),COLUMN,Y,,N,N,,,
DATA_SOURCE,VARCHAR(16777216),COLUMN,Y,,N,N,,,
ETL_CREATE_TS,TIMESTAMP_NTZ(9),COLUMN,Y,,N,N,,,
ETL_UPDATE_TS,TIMESTAMP_NTZ(9),COLUMN,Y,,N,N,,,
PATIENT_ID,"NUMBER(38,0)",COLUMN,Y,,N,N,,,