﻿name,type,kind,null?,default,primary key,unique key,check,expression,comment
PROVIDER_ID,VARCHAR(16777216),COLUMN,Y,,N,N,,,
NPI_TITLE,VARCHAR(16777216),COLUMN,Y,,N,N,,,
NPI_GENDER,VARCHAR(16777216),COLUMN,Y,,N,N,,,
NPI_TXNCODE,VARCHAR(16777216),COLUMN,Y,,N,N,,,
NPI_TXNCLASS,VARCHAR(16777216),COLUMN,Y,,N,N,,,
NPI_TXNTYPE,VARCHAR(16777216),COLUMN,Y,,N,N,,,
NPI_TXNSPECIALTY,VARCHAR(16777216),COLUMN,Y,,N,N,,,
NPI_TPVERIFIEDSPECIALTY,VARCHAR(16777216),COLUMN,Y,,N,N,,,
NPI_DOBYEAR,"NUMBER(38,0)",COLUMN,Y,,N,N,,,
NPI_STATE,VARCHAR(16777216),COLUMN,Y,,N,N,,,
SPECIALTY,VARCHAR(16777216),COLUMN,Y,,N,N,,,
CREDENTIAL,VARCHAR(16777216),COLUMN,Y,,N,N,,,
TYPE,VARCHAR(16777216),COLUMN,Y,,N,N,,,
PCPFLAG,VARCHAR(16777216),COLUMN,Y,,N,N,,,
STATE_X,VARCHAR(16777216),COLUMN,Y,,N,N,,,
ACTIVE_FLAG,VARCHAR(16777216),COLUMN,Y,,N,N,,,
LAST_UPDATED_DATE,DATE,COLUMN,Y,,N,N,,,
ENCRYPTED_KEY_1,VARCHAR(16777216),COLUMN,Y,,N,N,,,
ENCRYPTED_KEY_2,VARCHAR(16777216),COLUMN,Y,,N,N,,,
DATA_SOURCE,VARCHAR(16777216),COLUMN,Y,,N,N,,,
ETL_CREATE_TS,TIMESTAMP_NTZ(9),COLUMN,Y,,N,N,,,
ETL_UPDATE_TS,TIMESTAMP_NTZ(9),COLUMN,Y,,N,N,,,
PATIENT_ID,"NUMBER(38,0)",COLUMN,Y,,N,N,,,