﻿name,type,kind,null?,default,primary key,unique key,check,expression,comment
SOURCE_PATIENT_ID,VARCHAR(16777216),COLUMN,Y,,N,N,,,
ENCOUNTER_ID,"NUMBER(38,0)",COLUMN,Y,,N,N,,,
VITAL_ID,VARCHAR(16777216),COLUMN,Y,,N,N,,,
VERSION_ID,"NUMBER(38,0)",COLUMN,Y,,N,N,,,
VITAL_NAME,VARCHAR(16777216),COLUMN,Y,,N,N,,,
STATUS,VARCHAR(16777216),COLUMN,Y,,N,N,,,
VALUE_X,VARCHAR(16777216),COLUMN,Y,,N,N,,,
UNITS,VARCHAR(16777216),COLUMN,Y,,N,N,,,
ERROR_FLAG,VARCHAR(16777216),COLUMN,Y,,N,N,,,
CLINICAL_DATE,TIMESTAMP_NTZ(9),COLUMN,Y,,N,N,,,
PERFORMED_DATE,DATE,COLUMN,Y,,N,N,,,
RECORDED_DATE,DATE,COLUMN,Y,,N,N,,,
PROVIDER_ID,VARCHAR(16777216),COLUMN,Y,,N,N,,,
ENCRYPTED_KEY_1,VARCHAR(16777216),COLUMN,Y,,N,N,,,
ENCRYPTED_KEY_2,VARCHAR(16777216),COLUMN,Y,,N,N,,,
DATA_SOURCE,VARCHAR(16777216),COLUMN,Y,,N,N,,,
ETL_CREATE_TS,TIMESTAMP_NTZ(9),COLUMN,Y,,N,N,,,
ETL_UPDATE_TS,TIMESTAMP_NTZ(9),COLUMN,Y,,N,N,,,
PATIENT_ID,"NUMBER(38,0)",COLUMN,Y,,N,N,,,