﻿Product / Market,HCPCS Code,Description
INVEGA,J2426,"paliperidone palmitate extended release, 1 mg"
INVEGA SUSTENNA,,
INVEGA TRINZA,,
RISPERDAL,J2794,"Risperidone, long acting"
RISPERDAL CONSTA,J2794,"Risperidone, long acting"
RISPERIDONE,C9037 ,"Injection, risperidone, "
RISPERIDONE,S0163 , Injection risperidoneLA
RISPERIDONE,C9125 ,"Injection, risperidone,"
ABILIFY MAINTENA,J0400 ,"Aripiprazole injection,"
ABILIFY MAINTENA,J0401 ,Inj aripiprazole ext rel 1mg
ARISTADA,C9035 ,"Injection, aristada initio"
LATUDA,,
OLANZAPINE,J2358 ,"Olanzapine long-acting inj,"
OLANZAPINE,S0166 ,Inj olanzapine 2.5mg
QUETIAPINE FUM,,
SAPHRIS,,
SEROQUEL,,
SEROQUEL XR,,
ZYPREXA,J2358 ,Olanzapine long-acting inj
